review_id,review_text
REV-1000,Fixed my car's issue immediately. Tracking was accurate and easy.
REV-1001,"The part was a perfect fit! Shipping was incredibly fast, arrived a day early."
REV-1002,"The part was a perfect fit! However, the box was completely crushed when it got here."
REV-1003,"The instructions were terrible. To make matters worse, took almost three weeks to arrive."
REV-1004,"Amazing quality, feels very solid. Shipping was incredibly fast, arrived a day early."
REV-1005,"Feels cheaply made. To make matters worse, they sent me the wrong item completely."
REV-1006,"Did the job, nothing special to report."
REV-1007,It's a car part. It works.
REV-1008,"The instructions were terrible. To make matters worse, the box was completely crushed when it got here."
REV-1009,"Did not fit my vehicle, despite the website's guarantee. On the bright side, the item was packaged very securely."
REV-1010,Great value for the price. Tracking was accurate and easy.
REV-1011,"Arrived with a piece broken off. On the bright side, the item was packaged very securely."
REV-1012,"Installation was a breeze. Shipping was incredibly fast, arrived a day early."
REV-1013,"Did not fit my vehicle, despite the website's guarantee. On the bright side, the item was packaged very securely."
REV-1014,Great value for the price. The item was packaged very securely.
REV-1015,"Did the job, nothing special to report."
REV-1016,It's a car part. It works.
REV-1017,Great value for the price. The item was packaged very securely.
REV-1018,Installation was a breeze. The item was packaged very securely.
REV-1019,Great value for the price. The item was packaged very securely.
REV-1020,"Did not fit my vehicle, despite the website's guarantee. To make matters worse, the box was completely crushed when it got here."
REV-1021,Great value for the price. Tracking was accurate and easy.
REV-1022,"Feels cheaply made. To make matters worse, they sent me the wrong item completely."
REV-1023,It's a car part. It works.
REV-1024,"Installation was a breeze. Shipping was incredibly fast, arrived a day early."
REV-1025,"Did not fit my vehicle, despite the website's guarantee. To make matters worse, took almost three weeks to arrive."
REV-1026,"Feels cheaply made. To make matters worse, took almost three weeks to arrive."
REV-1027,Great value for the price. Tracking was accurate and easy.
REV-1028,"The part failed after only two months. To make matters worse, they sent me the wrong item completely."
REV-1029,"Fixed my car's issue immediately. Shipping was incredibly fast, arrived a day early."
REV-1030,"Feels cheaply made. On the bright side, tracking was accurate and easy."
REV-1031,Fixed my car's issue immediately. The item was packaged very securely.
REV-1032,The part was a perfect fit! The item was packaged very securely.
REV-1033,"Fixed my car's issue immediately. However, they sent me the wrong item completely."
REV-1034,"Great value for the price. However, they sent me the wrong item completely."
REV-1035,"The part was a perfect fit! However, shipping cost more than the part itself."
REV-1036,"Amazing quality, feels very solid. Tracking was accurate and easy."
REV-1037,"Arrived with a piece broken off. To make matters worse, the box was completely crushed when it got here."
REV-1038,The product is adequate.
REV-1039,"Installation was a breeze. Shipping was incredibly fast, arrived a day early."
REV-1040,Fixed my car's issue immediately. The item was packaged very securely.
REV-1041,"Fixed my car's issue immediately. However, they sent me the wrong item completely."
REV-1042,"Amazing quality, feels very solid. However, took almost three weeks to arrive."
REV-1043,"The instructions were terrible. To make matters worse, the box was completely crushed when it got here."
REV-1044,"Feels cheaply made. To make matters worse, they sent me the wrong item completely."
REV-1045,"Installation was a breeze. Shipping was incredibly fast, arrived a day early."
REV-1046,"Arrived with a piece broken off. To make matters worse, they sent me the wrong item completely."
REV-1047,"Feels cheaply made. To make matters worse, shipping cost more than the part itself."
REV-1048,The part was a perfect fit! Tracking was accurate and easy.
REV-1049,"Great value for the price. However, the box was completely crushed when it got here."
REV-1050,"Fixed my car's issue immediately. However, took almost three weeks to arrive."
REV-1051,"Feels cheaply made. To make matters worse, shipping cost more than the part itself."
REV-1052,"Great value for the price. However, shipping cost more than the part itself."
REV-1053,"Installation was a breeze. Shipping was incredibly fast, arrived a day early."
REV-1054,"Arrived with a piece broken off. On the bright side, the item was packaged very securely."
REV-1055,"Amazing quality, feels very solid. Tracking was accurate and easy."
REV-1056,Great value for the price. Tracking was accurate and easy.
REV-1057,"Arrived with a piece broken off. On the bright side, shipping was incredibly fast, arrived a day early."
REV-1058,"The instructions were terrible. To make matters worse, the box was completely crushed when it got here."
REV-1059,"Great value for the price. Shipping was incredibly fast, arrived a day early."
REV-1060,"Fixed my car's issue immediately. Shipping was incredibly fast, arrived a day early."
REV-1061,"Did not fit my vehicle, despite the website's guarantee. On the bright side, shipping was incredibly fast, arrived a day early."
REV-1062,The product is adequate.
REV-1063,"The part was a perfect fit! However, they sent me the wrong item completely."
REV-1064,"Amazing quality, feels very solid. Shipping was incredibly fast, arrived a day early."
REV-1065,"Fixed my car's issue immediately. However, took almost three weeks to arrive."
REV-1066,"Installation was a breeze. However, shipping cost more than the part itself."
REV-1067,Fixed my car's issue immediately. The item was packaged very securely.
REV-1068,Installation was a breeze. Tracking was accurate and easy.
REV-1069,"The instructions were terrible. On the bright side, tracking was accurate and easy."
REV-1070,"Feels cheaply made. To make matters worse, they sent me the wrong item completely."
REV-1071,Fixed my car's issue immediately. Tracking was accurate and easy.
REV-1072,The product is adequate.
REV-1073,"The part was a perfect fit! Shipping was incredibly fast, arrived a day early."
REV-1074,"Did not fit my vehicle, despite the website's guarantee. On the bright side, the item was packaged very securely."
REV-1075,"Installation was a breeze. Shipping was incredibly fast, arrived a day early."
REV-1076,"Amazing quality, feels very solid. However, took almost three weeks to arrive."
REV-1077,"Amazing quality, feels very solid. The item was packaged very securely."
REV-1078,"Amazing quality, feels very solid. Shipping was incredibly fast, arrived a day early."
REV-1079,"Feels cheaply made. To make matters worse, the box was completely crushed when it got here."
REV-1080,Fixed my car's issue immediately. Tracking was accurate and easy.
REV-1081,"The part was a perfect fit! However, shipping cost more than the part itself."
REV-1082,"Arrived with a piece broken off. To make matters worse, shipping cost more than the part itself."
REV-1083,"The part failed after only two months. On the bright side, the item was packaged very securely."
REV-1084,"Amazing quality, feels very solid. The item was packaged very securely."
REV-1085,Installation was a breeze. Tracking was accurate and easy.
REV-1086,Great value for the price. Tracking was accurate and easy.
REV-1087,The part was a perfect fit! The item was packaged very securely.
REV-1088,"Amazing quality, feels very solid. Tracking was accurate and easy."
REV-1089,It's a car part. It works.
REV-1090,"Arrived with a piece broken off. To make matters worse, the box was completely crushed when it got here."
REV-1091,"Installation was a breeze. However, the box was completely crushed when it got here."
REV-1092,"Amazing quality, feels very solid. Shipping was incredibly fast, arrived a day early."
REV-1093,"The instructions were terrible. To make matters worse, shipping cost more than the part itself."
REV-1094,"Great value for the price. Shipping was incredibly fast, arrived a day early."
REV-1095,"Did the job, nothing special to report."
REV-1096,"The part was a perfect fit! However, took almost three weeks to arrive."
REV-1097,"The part failed after only two months. On the bright side, shipping was incredibly fast, arrived a day early."
REV-1098,"The part was a perfect fit! However, took almost three weeks to arrive."
REV-1099,"Feels cheaply made. To make matters worse, shipping cost more than the part itself."
REV-1100,"The instructions were terrible. On the bright side, shipping was incredibly fast, arrived a day early."
REV-1101,"Amazing quality, feels very solid. However, shipping cost more than the part itself."
REV-1102,"Great value for the price. However, they sent me the wrong item completely."
REV-1103,Great value for the price. Tracking was accurate and easy.
REV-1104,"The instructions were terrible. To make matters worse, the box was completely crushed when it got here."
REV-1105,"Did the job, nothing special to report."
REV-1106,"Great value for the price. Shipping was incredibly fast, arrived a day early."
REV-1107,"Installation was a breeze. However, took almost three weeks to arrive."
REV-1108,"Did not fit my vehicle, despite the website's guarantee. To make matters worse, shipping cost more than the part itself."
REV-1109,Installation was a breeze. Tracking was accurate and easy.
REV-1110,"Arrived with a piece broken off. To make matters worse, they sent me the wrong item completely."
REV-1111,Great value for the price. Tracking was accurate and easy.
REV-1112,"Amazing quality, feels very solid. The item was packaged very securely."
REV-1113,Fixed my car's issue immediately. Tracking was accurate and easy.
REV-1114,"Amazing quality, feels very solid. However, shipping cost more than the part itself."
REV-1115,"Did the job, nothing special to report."
REV-1116,"Did not fit my vehicle, despite the website's guarantee. On the bright side, shipping was incredibly fast, arrived a day early."
REV-1117,"The part was a perfect fit! Shipping was incredibly fast, arrived a day early."
REV-1118,"Fixed my car's issue immediately. However, took almost three weeks to arrive."
REV-1119,"Great value for the price. Shipping was incredibly fast, arrived a day early."
REV-1120,"Did not fit my vehicle, despite the website's guarantee. On the bright side, the item was packaged very securely."
REV-1121,"The part failed after only two months. To make matters worse, took almost three weeks to arrive."
REV-1122,"Installation was a breeze. Shipping was incredibly fast, arrived a day early."
REV-1123,"Great value for the price. Shipping was incredibly fast, arrived a day early."
REV-1124,"The part was a perfect fit! However, took almost three weeks to arrive."
REV-1125,"Arrived with a piece broken off. On the bright side, tracking was accurate and easy."
REV-1126,It's a car part. It works.
REV-1127,"The part failed after only two months. On the bright side, tracking was accurate and easy."
REV-1128,"The part was a perfect fit! Shipping was incredibly fast, arrived a day early."
REV-1129,"Feels cheaply made. On the bright side, tracking was accurate and easy."
REV-1130,"The part failed after only two months. On the bright side, shipping was incredibly fast, arrived a day early."
REV-1131,The part was a perfect fit! Tracking was accurate and easy.
REV-1132,"The instructions were terrible. To make matters worse, the box was completely crushed when it got here."
REV-1133,"Installation was a breeze. Shipping was incredibly fast, arrived a day early."
REV-1134,"Installation was a breeze. However, the box was completely crushed when it got here."
REV-1135,Fixed my car's issue immediately. The item was packaged very securely.
REV-1136,"Arrived with a piece broken off. On the bright side, shipping was incredibly fast, arrived a day early."
REV-1137,Installation was a breeze. Tracking was accurate and easy.
REV-1138,The part was a perfect fit! Tracking was accurate and easy.
REV-1139,"Did the job, nothing special to report."
REV-1140,The product is adequate.
REV-1141,Great value for the price. The item was packaged very securely.
REV-1142,"Did not fit my vehicle, despite the website's guarantee. To make matters worse, the box was completely crushed when it got here."
REV-1143,"Arrived with a piece broken off. On the bright side, shipping was incredibly fast, arrived a day early."
REV-1144,"Feels cheaply made. On the bright side, shipping was incredibly fast, arrived a day early."
REV-1145,"Amazing quality, feels very solid. Tracking was accurate and easy."
REV-1146,"The instructions were terrible. On the bright side, tracking was accurate and easy."
REV-1147,"Did not fit my vehicle, despite the website's guarantee. To make matters worse, the box was completely crushed when it got here."
REV-1148,"The instructions were terrible. To make matters worse, shipping cost more than the part itself."
REV-1149,"Amazing quality, feels very solid. Shipping was incredibly fast, arrived a day early."
REV-1150,"The part failed after only two months. To make matters worse, took almost three weeks to arrive."
REV-1151,"Installation was a breeze. Shipping was incredibly fast, arrived a day early."
REV-1152,"Amazing quality, feels very solid. Shipping was incredibly fast, arrived a day early."
REV-1153,"Feels cheaply made. On the bright side, shipping was incredibly fast, arrived a day early."
REV-1154,"Fixed my car's issue immediately. Shipping was incredibly fast, arrived a day early."
REV-1155,Great value for the price. The item was packaged very securely.
REV-1156,"Great value for the price. Shipping was incredibly fast, arrived a day early."
REV-1157,"Great value for the price. However, the box was completely crushed when it got here."
REV-1158,"Amazing quality, feels very solid. Shipping was incredibly fast, arrived a day early."
REV-1159,"Did not fit my vehicle, despite the website's guarantee. On the bright side, tracking was accurate and easy."
REV-1160,"Did not fit my vehicle, despite the website's guarantee. On the bright side, the item was packaged very securely."
REV-1161,"Arrived with a piece broken off. To make matters worse, they sent me the wrong item completely."
REV-1162,"Arrived with a piece broken off. On the bright side, tracking was accurate and easy."
REV-1163,The part was a perfect fit! Tracking was accurate and easy.
REV-1164,Fixed my car's issue immediately. Tracking was accurate and easy.
REV-1165,"Fixed my car's issue immediately. However, they sent me the wrong item completely."
REV-1166,"Feels cheaply made. On the bright side, tracking was accurate and easy."
REV-1167,"The part was a perfect fit! However, shipping cost more than the part itself."
REV-1168,"The instructions were terrible. On the bright side, tracking was accurate and easy."
REV-1169,Installation was a breeze. Tracking was accurate and easy.
REV-1170,"Amazing quality, feels very solid. Tracking was accurate and easy."
REV-1171,"The part failed after only two months. On the bright side, shipping was incredibly fast, arrived a day early."
REV-1172,Great value for the price. The item was packaged very securely.
REV-1173,"Amazing quality, feels very solid. Tracking was accurate and easy."
REV-1174,"Amazing quality, feels very solid. Shipping was incredibly fast, arrived a day early."
REV-1175,"The instructions were terrible. To make matters worse, they sent me the wrong item completely."
REV-1176,"The part was a perfect fit! However, shipping cost more than the part itself."
REV-1177,Installation was a breeze. Tracking was accurate and easy.
REV-1178,Great value for the price. Tracking was accurate and easy.
REV-1179,The product is adequate.
REV-1180,Fixed my car's issue immediately. Tracking was accurate and easy.
REV-1181,"Did not fit my vehicle, despite the website's guarantee. To make matters worse, shipping cost more than the part itself."
REV-1182,"Feels cheaply made. On the bright side, tracking was accurate and easy."
REV-1183,"Feels cheaply made. To make matters worse, the box was completely crushed when it got here."
REV-1184,It's a car part. It works.
REV-1185,"Great value for the price. However, they sent me the wrong item completely."
REV-1186,It's a car part. It works.
REV-1187,"Arrived with a piece broken off. On the bright side, shipping was incredibly fast, arrived a day early."
REV-1188,"The instructions were terrible. To make matters worse, they sent me the wrong item completely."
REV-1189,"The instructions were terrible. To make matters worse, shipping cost more than the part itself."
REV-1190,"Installation was a breeze. Shipping was incredibly fast, arrived a day early."
REV-1191,"The instructions were terrible. On the bright side, tracking was accurate and easy."
REV-1192,"The part was a perfect fit! Shipping was incredibly fast, arrived a day early."
REV-1193,"Amazing quality, feels very solid. Shipping was incredibly fast, arrived a day early."
REV-1194,"Installation was a breeze. Shipping was incredibly fast, arrived a day early."
REV-1195,"Feels cheaply made. To make matters worse, they sent me the wrong item completely."
REV-1196,"Did not fit my vehicle, despite the website's guarantee. On the bright side, shipping was incredibly fast, arrived a day early."
REV-1197,"Installation was a breeze. Shipping was incredibly fast, arrived a day early."
REV-1198,Installation was a breeze. The item was packaged very securely.
REV-1199,"Did not fit my vehicle, despite the website's guarantee. To make matters worse, they sent me the wrong item completely."
REV-1200,"Fixed my car's issue immediately. Shipping was incredibly fast, arrived a day early."
REV-1201,"Did not fit my vehicle, despite the website's guarantee. To make matters worse, the box was completely crushed when it got here."
REV-1202,"The part was a perfect fit! Shipping was incredibly fast, arrived a day early."
REV-1203,"Great value for the price. Shipping was incredibly fast, arrived a day early."
REV-1204,"Installation was a breeze. Shipping was incredibly fast, arrived a day early."
REV-1205,"Amazing quality, feels very solid. The item was packaged very securely."
REV-1206,"Installation was a breeze. However, shipping cost more than the part itself."
REV-1207,"Arrived with a piece broken off. On the bright side, shipping was incredibly fast, arrived a day early."
REV-1208,"The instructions were terrible. To make matters worse, shipping cost more than the part itself."
REV-1209,"Did the job, nothing special to report."
REV-1210,"The part was a perfect fit! However, they sent me the wrong item completely."
REV-1211,Installation was a breeze. The item was packaged very securely.
REV-1212,The product is adequate.
REV-1213,"Feels cheaply made. To make matters worse, they sent me the wrong item completely."
REV-1214,Fixed my car's issue immediately. The item was packaged very securely.
REV-1215,"Feels cheaply made. On the bright side, shipping was incredibly fast, arrived a day early."
REV-1216,Fixed my car's issue immediately. Tracking was accurate and easy.
REV-1217,"Installation was a breeze. Shipping was incredibly fast, arrived a day early."
REV-1218,"The instructions were terrible. To make matters worse, shipping cost more than the part itself."
REV-1219,Fixed my car's issue immediately. Tracking was accurate and easy.
REV-1220,Installation was a breeze. The item was packaged very securely.
REV-1221,"Great value for the price. Shipping was incredibly fast, arrived a day early."
REV-1222,Fixed my car's issue immediately. The item was packaged very securely.
REV-1223,It's a car part. It works.
REV-1224,"Feels cheaply made. To make matters worse, took almost three weeks to arrive."
REV-1225,"Did not fit my vehicle, despite the website's guarantee. On the bright side, tracking was accurate and easy."
REV-1226,It's a car part. It works.
REV-1227,"The instructions were terrible. To make matters worse, shipping cost more than the part itself."
REV-1228,"The part was a perfect fit! Shipping was incredibly fast, arrived a day early."
REV-1229,"The part was a perfect fit! Shipping was incredibly fast, arrived a day early."
REV-1230,"Amazing quality, feels very solid. However, shipping cost more than the part itself."
REV-1231,"Feels cheaply made. To make matters worse, they sent me the wrong item completely."
REV-1232,"Did the job, nothing special to report."
REV-1233,"The instructions were terrible. To make matters worse, the box was completely crushed when it got here."
REV-1234,"Great value for the price. Shipping was incredibly fast, arrived a day early."
REV-1235,"Arrived with a piece broken off. On the bright side, shipping was incredibly fast, arrived a day early."
REV-1236,"Amazing quality, feels very solid. The item was packaged very securely."
REV-1237,"The part failed after only two months. On the bright side, the item was packaged very securely."
REV-1238,"Did not fit my vehicle, despite the website's guarantee. To make matters worse, took almost three weeks to arrive."
REV-1239,Great value for the price. Tracking was accurate and easy.
REV-1240,"The part was a perfect fit! Shipping was incredibly fast, arrived a day early."
REV-1241,"Amazing quality, feels very solid. The item was packaged very securely."
REV-1242,"Great value for the price. However, the box was completely crushed when it got here."
REV-1243,The product is adequate.
REV-1244,Great value for the price. The item was packaged very securely.
REV-1245,"Amazing quality, feels very solid. Tracking was accurate and easy."
REV-1246,"Fixed my car's issue immediately. Shipping was incredibly fast, arrived a day early."
REV-1247,"Feels cheaply made. On the bright side, shipping was incredibly fast, arrived a day early."
REV-1248,Great value for the price. The item was packaged very securely.
REV-1249,"Arrived with a piece broken off. On the bright side, tracking was accurate and easy."
REV-1250,"Installation was a breeze. Shipping was incredibly fast, arrived a day early."
REV-1251,The product is adequate.
REV-1252,"The part was a perfect fit! Shipping was incredibly fast, arrived a day early."
REV-1253,"Installation was a breeze. However, took almost three weeks to arrive."
REV-1254,"Feels cheaply made. To make matters worse, they sent me the wrong item completely."
REV-1255,"Feels cheaply made. On the bright side, the item was packaged very securely."
REV-1256,"The instructions were terrible. To make matters worse, took almost three weeks to arrive."
REV-1257,The product is adequate.
REV-1258,"Did not fit my vehicle, despite the website's guarantee. To make matters worse, took almost three weeks to arrive."
REV-1259,Installation was a breeze. The item was packaged very securely.
REV-1260,"Did not fit my vehicle, despite the website's guarantee. To make matters worse, they sent me the wrong item completely."
REV-1261,The product is adequate.
REV-1262,"Did not fit my vehicle, despite the website's guarantee. To make matters worse, shipping cost more than the part itself."
REV-1263,The product is adequate.
REV-1264,"The instructions were terrible. To make matters worse, took almost three weeks to arrive."
REV-1265,"The part failed after only two months. On the bright side, the item was packaged very securely."
REV-1266,"Arrived with a piece broken off. On the bright side, shipping was incredibly fast, arrived a day early."
REV-1267,"Feels cheaply made. To make matters worse, took almost three weeks to arrive."
REV-1268,"The instructions were terrible. To make matters worse, took almost three weeks to arrive."
REV-1269,Installation was a breeze. The item was packaged very securely.
REV-1270,"Amazing quality, feels very solid. Shipping was incredibly fast, arrived a day early."
REV-1271,Fixed my car's issue immediately. The item was packaged very securely.
REV-1272,"The instructions were terrible. To make matters worse, shipping cost more than the part itself."
REV-1273,"Amazing quality, feels very solid. The item was packaged very securely."
REV-1274,"Installation was a breeze. However, they sent me the wrong item completely."
REV-1275,"Amazing quality, feels very solid. Tracking was accurate and easy."
REV-1276,Great value for the price. The item was packaged very securely.
REV-1277,"Great value for the price. Shipping was incredibly fast, arrived a day early."
REV-1278,It's a car part. It works.
REV-1279,"Arrived with a piece broken off. On the bright side, tracking was accurate and easy."
REV-1280,"Did not fit my vehicle, despite the website's guarantee. On the bright side, shipping was incredibly fast, arrived a day early."
REV-1281,"The instructions were terrible. To make matters worse, shipping cost more than the part itself."
REV-1282,The part was a perfect fit! The item was packaged very securely.
REV-1283,"Amazing quality, feels very solid. Shipping was incredibly fast, arrived a day early."
REV-1284,"The instructions were terrible. To make matters worse, shipping cost more than the part itself."
REV-1285,The part was a perfect fit! Tracking was accurate and easy.
REV-1286,Great value for the price. The item was packaged very securely.
REV-1287,"The part failed after only two months. To make matters worse, the box was completely crushed when it got here."
REV-1288,"Did not fit my vehicle, despite the website's guarantee. To make matters worse, took almost three weeks to arrive."
REV-1289,It's a car part. It works.
REV-1290,"The part failed after only two months. On the bright side, the item was packaged very securely."
REV-1291,"Arrived with a piece broken off. To make matters worse, the box was completely crushed when it got here."
REV-1292,"The part failed after only two months. To make matters worse, they sent me the wrong item completely."
REV-1293,"Amazing quality, feels very solid. The item was packaged very securely."
REV-1294,"Fixed my car's issue immediately. However, they sent me the wrong item completely."
REV-1295,Fixed my car's issue immediately. Tracking was accurate and easy.
REV-1296,"The part failed after only two months. To make matters worse, they sent me the wrong item completely."
REV-1297,Installation was a breeze. Tracking was accurate and easy.
REV-1298,Installation was a breeze. The item was packaged very securely.
REV-1299,"The instructions were terrible. On the bright side, the item was packaged very securely."
REV-1300,"The instructions were terrible. To make matters worse, took almost three weeks to arrive."
REV-1301,The product is adequate.
REV-1302,The part was a perfect fit! The item was packaged very securely.
REV-1303,"The part failed after only two months. On the bright side, the item was packaged very securely."
REV-1304,"Installation was a breeze. Shipping was incredibly fast, arrived a day early."
REV-1305,"Fixed my car's issue immediately. However, shipping cost more than the part itself."
REV-1306,"The instructions were terrible. To make matters worse, they sent me the wrong item completely."
REV-1307,"Amazing quality, feels very solid. However, they sent me the wrong item completely."
REV-1308,"Did not fit my vehicle, despite the website's guarantee. To make matters worse, shipping cost more than the part itself."
REV-1309,"Great value for the price. However, shipping cost more than the part itself."
REV-1310,"Amazing quality, feels very solid. The item was packaged very securely."
REV-1311,"Feels cheaply made. To make matters worse, shipping cost more than the part itself."
REV-1312,"Great value for the price. However, the box was completely crushed when it got here."
REV-1313,Installation was a breeze. Tracking was accurate and easy.
REV-1314,"The part failed after only two months. To make matters worse, took almost three weeks to arrive."
REV-1315,Great value for the price. Tracking was accurate and easy.
REV-1316,"The instructions were terrible. To make matters worse, they sent me the wrong item completely."
REV-1317,"Feels cheaply made. On the bright side, the item was packaged very securely."
REV-1318,"Arrived with a piece broken off. To make matters worse, they sent me the wrong item completely."
REV-1319,"Arrived with a piece broken off. To make matters worse, took almost three weeks to arrive."
REV-1320,"Arrived with a piece broken off. On the bright side, shipping was incredibly fast, arrived a day early."
REV-1321,"The part failed after only two months. On the bright side, tracking was accurate and easy."
REV-1322,"The instructions were terrible. On the bright side, tracking was accurate and easy."
REV-1323,"Fixed my car's issue immediately. Shipping was incredibly fast, arrived a day early."
REV-1324,"Arrived with a piece broken off. On the bright side, the item was packaged very securely."
REV-1325,"The part was a perfect fit! Shipping was incredibly fast, arrived a day early."
REV-1326,"The part failed after only two months. To make matters worse, they sent me the wrong item completely."
REV-1327,"Arrived with a piece broken off. To make matters worse, shipping cost more than the part itself."
REV-1328,"Fixed my car's issue immediately. Shipping was incredibly fast, arrived a day early."
REV-1329,"Feels cheaply made. On the bright side, shipping was incredibly fast, arrived a day early."
REV-1330,"Amazing quality, feels very solid. Shipping was incredibly fast, arrived a day early."
REV-1331,"The part was a perfect fit! Shipping was incredibly fast, arrived a day early."
REV-1332,"Installation was a breeze. However, took almost three weeks to arrive."
REV-1333,"The instructions were terrible. To make matters worse, shipping cost more than the part itself."
REV-1334,"The part failed after only two months. To make matters worse, the box was completely crushed when it got here."
REV-1335,"The instructions were terrible. To make matters worse, took almost three weeks to arrive."
REV-1336,"Arrived with a piece broken off. On the bright side, shipping was incredibly fast, arrived a day early."
REV-1337,"Arrived with a piece broken off. To make matters worse, took almost three weeks to arrive."
REV-1338,"Feels cheaply made. To make matters worse, they sent me the wrong item completely."
REV-1339,"The instructions were terrible. To make matters worse, took almost three weeks to arrive."
REV-1340,"Great value for the price. Shipping was incredibly fast, arrived a day early."
REV-1341,"The part failed after only two months. On the bright side, shipping was incredibly fast, arrived a day early."
REV-1342,Installation was a breeze. The item was packaged very securely.
REV-1343,Installation was a breeze. Tracking was accurate and easy.
REV-1344,The part was a perfect fit! The item was packaged very securely.
REV-1345,"Arrived with a piece broken off. To make matters worse, they sent me the wrong item completely."
REV-1346,"Amazing quality, feels very solid. The item was packaged very securely."
REV-1347,Great value for the price. Tracking was accurate and easy.
REV-1348,"Arrived with a piece broken off. On the bright side, tracking was accurate and easy."
REV-1349,"Great value for the price. Shipping was incredibly fast, arrived a day early."
REV-1350,"Did not fit my vehicle, despite the website's guarantee. On the bright side, shipping was incredibly fast, arrived a day early."
REV-1351,"The part failed after only two months. To make matters worse, shipping cost more than the part itself."
REV-1352,Installation was a breeze. The item was packaged very securely.
REV-1353,Installation was a breeze. The item was packaged very securely.
REV-1354,"Amazing quality, feels very solid. However, the box was completely crushed when it got here."
REV-1355,The part was a perfect fit! Tracking was accurate and easy.
REV-1356,"The part failed after only two months. To make matters worse, they sent me the wrong item completely."
REV-1357,The product is adequate.
REV-1358,"Installation was a breeze. Shipping was incredibly fast, arrived a day early."
REV-1359,Great value for the price. The item was packaged very securely.
REV-1360,"The part was a perfect fit! Shipping was incredibly fast, arrived a day early."
REV-1361,"The part failed after only two months. On the bright side, tracking was accurate and easy."
REV-1362,"Installation was a breeze. Shipping was incredibly fast, arrived a day early."
REV-1363,"Amazing quality, feels very solid. Shipping was incredibly fast, arrived a day early."
REV-1364,"The part failed after only two months. To make matters worse, they sent me the wrong item completely."
REV-1365,"Fixed my car's issue immediately. However, the box was completely crushed when it got here."
REV-1366,"Amazing quality, feels very solid. However, shipping cost more than the part itself."
REV-1367,Fixed my car's issue immediately. The item was packaged very securely.
REV-1368,"Installation was a breeze. Shipping was incredibly fast, arrived a day early."
REV-1369,"The part was a perfect fit! Shipping was incredibly fast, arrived a day early."
REV-1370,"Amazing quality, feels very solid. Shipping was incredibly fast, arrived a day early."
REV-1371,"Did not fit my vehicle, despite the website's guarantee. On the bright side, tracking was accurate and easy."
REV-1372,"Installation was a breeze. However, they sent me the wrong item completely."
REV-1373,"Great value for the price. Shipping was incredibly fast, arrived a day early."
REV-1374,"Fixed my car's issue immediately. However, took almost three weeks to arrive."
REV-1375,"Feels cheaply made. On the bright side, shipping was incredibly fast, arrived a day early."
REV-1376,"Did not fit my vehicle, despite the website's guarantee. To make matters worse, shipping cost more than the part itself."
REV-1377,The part was a perfect fit! Tracking was accurate and easy.
REV-1378,"Did the job, nothing special to report."
REV-1379,"The part failed after only two months. To make matters worse, took almost three weeks to arrive."
REV-1380,Installation was a breeze. Tracking was accurate and easy.
REV-1381,"Did not fit my vehicle, despite the website's guarantee. To make matters worse, shipping cost more than the part itself."
REV-1382,"Amazing quality, feels very solid. Tracking was accurate and easy."
REV-1383,Great value for the price. The item was packaged very securely.
REV-1384,"The instructions were terrible. On the bright side, shipping was incredibly fast, arrived a day early."
REV-1385,"Fixed my car's issue immediately. Shipping was incredibly fast, arrived a day early."
REV-1386,Installation was a breeze. The item was packaged very securely.
REV-1387,The product is adequate.
REV-1388,"Installation was a breeze. However, shipping cost more than the part itself."
REV-1389,It's a car part. It works.
REV-1390,"Arrived with a piece broken off. To make matters worse, took almost three weeks to arrive."
REV-1391,"Installation was a breeze. Shipping was incredibly fast, arrived a day early."
REV-1392,"The part failed after only two months. To make matters worse, took almost three weeks to arrive."
REV-1393,"The instructions were terrible. To make matters worse, the box was completely crushed when it got here."
REV-1394,The product is adequate.
REV-1395,"Feels cheaply made. To make matters worse, took almost three weeks to arrive."
REV-1396,"Fixed my car's issue immediately. Shipping was incredibly fast, arrived a day early."
REV-1397,"The part failed after only two months. To make matters worse, they sent me the wrong item completely."
REV-1398,"The part failed after only two months. On the bright side, the item was packaged very securely."
REV-1399,"Arrived with a piece broken off. To make matters worse, they sent me the wrong item completely."
REV-1400,The part was a perfect fit! Tracking was accurate and easy.
REV-1401,"Amazing quality, feels very solid. Tracking was accurate and easy."
REV-1402,"Great value for the price. However, the box was completely crushed when it got here."
REV-1403,"Did not fit my vehicle, despite the website's guarantee. On the bright side, shipping was incredibly fast, arrived a day early."
REV-1404,Installation was a breeze. Tracking was accurate and easy.
REV-1405,Fixed my car's issue immediately. The item was packaged very securely.
REV-1406,"Installation was a breeze. However, they sent me the wrong item completely."
REV-1407,"The part failed after only two months. To make matters worse, they sent me the wrong item completely."
REV-1408,"Great value for the price. However, the box was completely crushed when it got here."
REV-1409,"Feels cheaply made. To make matters worse, took almost three weeks to arrive."
REV-1410,"Fixed my car's issue immediately. Shipping was incredibly fast, arrived a day early."
REV-1411,"Great value for the price. Shipping was incredibly fast, arrived a day early."
REV-1412,"The part failed after only two months. To make matters worse, shipping cost more than the part itself."
REV-1413,"Did not fit my vehicle, despite the website's guarantee. On the bright side, shipping was incredibly fast, arrived a day early."
REV-1414,The part was a perfect fit! The item was packaged very securely.
REV-1415,"Amazing quality, feels very solid. Tracking was accurate and easy."
REV-1416,Installation was a breeze. The item was packaged very securely.
REV-1417,"The instructions were terrible. On the bright side, tracking was accurate and easy."
REV-1418,"Amazing quality, feels very solid. Tracking was accurate and easy."
REV-1419,"Installation was a breeze. Shipping was incredibly fast, arrived a day early."
REV-1420,"The instructions were terrible. On the bright side, shipping was incredibly fast, arrived a day early."
REV-1421,"The part was a perfect fit! Shipping was incredibly fast, arrived a day early."
REV-1422,"Great value for the price. However, shipping cost more than the part itself."
REV-1423,"The instructions were terrible. On the bright side, shipping was incredibly fast, arrived a day early."
REV-1424,"Great value for the price. However, the box was completely crushed when it got here."
REV-1425,"The part failed after only two months. To make matters worse, the box was completely crushed when it got here."
REV-1426,"The part failed after only two months. To make matters worse, they sent me the wrong item completely."
REV-1427,"Amazing quality, feels very solid. Tracking was accurate and easy."
REV-1428,"Fixed my car's issue immediately. However, they sent me the wrong item completely."
REV-1429,"Installation was a breeze. Shipping was incredibly fast, arrived a day early."
REV-1430,"Arrived with a piece broken off. On the bright side, shipping was incredibly fast, arrived a day early."
REV-1431,"Great value for the price. However, the box was completely crushed when it got here."
REV-1432,Installation was a breeze. Tracking was accurate and easy.
REV-1433,"Amazing quality, feels very solid. However, took almost three weeks to arrive."
REV-1434,"Fixed my car's issue immediately. Shipping was incredibly fast, arrived a day early."
REV-1435,"Feels cheaply made. To make matters worse, shipping cost more than the part itself."
REV-1436,"Did not fit my vehicle, despite the website's guarantee. To make matters worse, shipping cost more than the part itself."
REV-1437,"Arrived with a piece broken off. On the bright side, shipping was incredibly fast, arrived a day early."
REV-1438,"Did not fit my vehicle, despite the website's guarantee. On the bright side, tracking was accurate and easy."
REV-1439,"Arrived with a piece broken off. To make matters worse, they sent me the wrong item completely."
REV-1440,Installation was a breeze. Tracking was accurate and easy.
REV-1441,"The part was a perfect fit! Shipping was incredibly fast, arrived a day early."
REV-1442,"Amazing quality, feels very solid. Tracking was accurate and easy."
REV-1443,"The instructions were terrible. On the bright side, shipping was incredibly fast, arrived a day early."
REV-1444,"Amazing quality, feels very solid. Shipping was incredibly fast, arrived a day early."
REV-1445,"Did the job, nothing special to report."
REV-1446,"Fixed my car's issue immediately. However, took almost three weeks to arrive."
REV-1447,"The instructions were terrible. To make matters worse, took almost three weeks to arrive."
REV-1448,Installation was a breeze. Tracking was accurate and easy.
REV-1449,"Did not fit my vehicle, despite the website's guarantee. To make matters worse, shipping cost more than the part itself."
REV-1450,"Arrived with a piece broken off. On the bright side, the item was packaged very securely."
REV-1451,"Did the job, nothing special to report."
REV-1452,"The part failed after only two months. On the bright side, the item was packaged very securely."
REV-1453,"Installation was a breeze. Shipping was incredibly fast, arrived a day early."
REV-1454,"Amazing quality, feels very solid. Tracking was accurate and easy."
REV-1455,"Feels cheaply made. To make matters worse, they sent me the wrong item completely."
REV-1456,"Arrived with a piece broken off. To make matters worse, took almost three weeks to arrive."
REV-1457,It's a car part. It works.
REV-1458,"Amazing quality, feels very solid. The item was packaged very securely."
REV-1459,The part was a perfect fit! The item was packaged very securely.
REV-1460,"Did not fit my vehicle, despite the website's guarantee. To make matters worse, they sent me the wrong item completely."
REV-1461,"Amazing quality, feels very solid. However, the box was completely crushed when it got here."
REV-1462,Fixed my car's issue immediately. The item was packaged very securely.
REV-1463,"Amazing quality, feels very solid. The item was packaged very securely."
REV-1464,"Great value for the price. Shipping was incredibly fast, arrived a day early."
REV-1465,"The part was a perfect fit! However, the box was completely crushed when it got here."
REV-1466,"Did the job, nothing special to report."
REV-1467,"The part failed after only two months. To make matters worse, the box was completely crushed when it got here."
REV-1468,"Feels cheaply made. On the bright side, shipping was incredibly fast, arrived a day early."
REV-1469,The part was a perfect fit! The item was packaged very securely.
REV-1470,The part was a perfect fit! The item was packaged very securely.
REV-1471,Installation was a breeze. The item was packaged very securely.
REV-1472,"Arrived with a piece broken off. To make matters worse, shipping cost more than the part itself."
REV-1473,"Great value for the price. However, the box was completely crushed when it got here."
REV-1474,"Amazing quality, feels very solid. However, shipping cost more than the part itself."
REV-1475,Installation was a breeze. The item was packaged very securely.
REV-1476,"The part was a perfect fit! However, shipping cost more than the part itself."
REV-1477,"Great value for the price. However, shipping cost more than the part itself."
REV-1478,"The part failed after only two months. To make matters worse, shipping cost more than the part itself."
REV-1479,"Amazing quality, feels very solid. However, shipping cost more than the part itself."
REV-1480,"Feels cheaply made. To make matters worse, they sent me the wrong item completely."
REV-1481,Fixed my car's issue immediately. Tracking was accurate and easy.
REV-1482,"Did not fit my vehicle, despite the website's guarantee. On the bright side, shipping was incredibly fast, arrived a day early."
REV-1483,The part was a perfect fit! Tracking was accurate and easy.
REV-1484,Fixed my car's issue immediately. Tracking was accurate and easy.
REV-1485,"Amazing quality, feels very solid. Tracking was accurate and easy."
REV-1486,"The instructions were terrible. To make matters worse, they sent me the wrong item completely."
REV-1487,The part was a perfect fit! The item was packaged very securely.
REV-1488,The part was a perfect fit! Tracking was accurate and easy.
REV-1489,Installation was a breeze. Tracking was accurate and easy.
REV-1490,"The part failed after only two months. On the bright side, the item was packaged very securely."
REV-1491,Installation was a breeze. Tracking was accurate and easy.
REV-1492,"Feels cheaply made. On the bright side, shipping was incredibly fast, arrived a day early."
REV-1493,"Did the job, nothing special to report."
REV-1494,"Arrived with a piece broken off. On the bright side, shipping was incredibly fast, arrived a day early."
REV-1495,The product is adequate.
REV-1496,"The part failed after only two months. To make matters worse, took almost three weeks to arrive."
REV-1497,Installation was a breeze. Tracking was accurate and easy.
REV-1498,"Fixed my car's issue immediately. Shipping was incredibly fast, arrived a day early."
REV-1499,"The instructions were terrible. On the bright side, shipping was incredibly fast, arrived a day early."
